Date,Time,League,Home,Away,Odd_Under05_HT_Back,Odd_Under05_HT_Lay,Odd_Over05_HT_Back,Odd_Over05_HT_Lay,Odd_Under15_HT_Back,Odd_Under15_HT_Lay,Odd_Over15_HT_Back,Odd_Over15_HT_Lay,Odd_Under25_HT_Back,Odd_Under25_HT_Lay,Odd_Over25_HT_Back,Odd_Over25_HT_Lay,Odd_H_Back,Odd_H_Lay,Odd_A_Back,Odd_A_Lay,Odd_D_Back,Odd_D_Lay,Odd_1X_Back,Odd_1X_Lay,Odd_X2_Back,Odd_X2_Lay,Odd_12_Back,Odd_12_Lay,Odd_Under05_FT_Back,Odd_Under05_FT_Lay,Odd_Over05_FT_Back,Odd_Over05_FT_Lay,Odd_Under15_FT_Back,Odd_Under15_FT_Lay,Odd_Over15_FT_Back,Odd_Over15_FT_Lay,Odd_Under25_FT_Back,Odd_Under25_FT_Lay,Odd_Over25_FT_Back,Odd_Over25_FT_Lay,Odd_Under35_FT_Back,Odd_Under35_FT_Lay,Odd_Over35_FT_Back,Odd_Over35_FT_Lay,Odd_Under45_FT_Back,Odd_Under45_FT_Lay,Odd_Over45_FT_Back,Odd_Over45_FT_Lay,Odd_BTTS_Yes_Back,Odd_BTTS_Yes_Lay,Odd_BTTS_No_Back,Odd_BTTS_No_Lay,Odd_CS_0x0_Back,Odd_CS_0x0_Lay,Odd_CS_0x1_Back,Odd_CS_0x1_Lay,Odd_CS_0x2_Back,Odd_CS_0x2_Lay,Odd_CS_0x3_Back,Odd_CS_0x3_Lay,Odd_CS_1x0_Back,Odd_CS_1x0_Lay,Odd_CS_1x1_Back,Odd_CS_1x1_Lay,Odd_CS_1x2_Back,Odd_CS_1x2_Lay,Odd_CS_1x3_Back,Odd_CS_1x3_Lay,Odd_CS_2x0_Back,Odd_CS_2x0_Lay,Odd_CS_2x1_Back,Odd_CS_2x1_Lay,Odd_CS_2x2_Back,Odd_CS_2x2_Lay,Odd_CS_2x3_Back,Odd_CS_2x3_Lay,Odd_CS_3x0_Back,Odd_CS_3x0_Lay,Odd_CS_3x1_Back,Odd_CS_3x1_Lay,Odd_CS_3x2_Back,Odd_CS_3x2_Lay,Odd_CS_3x3_Back,Odd_CS_3x3_Lay,Odd_CS_Goleada_H_Back,Odd_CS_Goleada_H_Lay,Odd_CS_Goleada_A_Back,Odd_CS_Goleada_A_Lay,Odd_CS_Goleada_D_Back,Odd_CS_Goleada_D_Lay,IDMercado_First_Half_Goals_05,IDMercado_First_Half_Goals_15,IDMercado_First_Half_Goals_25,ID_Home,ID_Away,ID_Draw,IDMercado_Match_Odds,IDMercado_Double_Chance,IDMercado_Over_Under_05_Goals,IDMercado_Over_Under_15_Goals,IDMercado_Over_Under_25_Goals,IDMercado_Over_Under_35_Goals,IDMercado_Over_Under_45_Goals,IDMercado_Both_teams_to_Score,IDMercado_Correct_Score,ID_Evento,First_Half_Goals_0.5_5851482,First_Half_Goals_0.5_5851483,Double_Chance_6384646,Double_Chance_6384647,Double_Chance_6384648,First_Half_Goals_2.5_47972,First_Half_Goals_2.5_47973,Over_Under_4.5_Goals_1222347,Over_Under_4.5_Goals_1222346,Over_Under_2.5_Goals_47972,Over_Under_2.5_Goals_47973,Correct_Score_1,Correct_Score_4,Correct_Score_9,Correct_Score_16,Correct_Score_2,Correct_Score_3,Correct_Score_8,Correct_Score_15,Correct_Score_5,Correct_Score_6,Correct_Score_7,Correct_Score_14,Correct_Score_10,Correct_Score_11,Correct_Score_12,Correct_Score_13,Correct_Score_9063254,Correct_Score_9063255,Correct_Score_9063256,First_Half_Goals_1.5_1221385,First_Half_Goals_1.5_1221386,Over_Under_0.5_Goals_5851482,Over_Under_0.5_Goals_5851483,Both_teams_to_Score_30246,Both_teams_to_Score_110503,Over_Under_3.5_Goals_1222344,Over_Under_3.5_Goals_1222345,Over_Under_1.5_Goals_1221385,Over_Under_1.5_Goals_1221386,IDMercado_First_Half_Goals_0.5,IDMercado_First_Half_Goals_2.5,IDMercado_Over_Under_4.5_Goals,IDMercado_Over_Under_2.5_Goals,IDMercado_First_Half_Goals_1.5,IDMercado_Over_Under_0.5_Goals,IDMercado_Over_Under_3.5_Goals,IDMercado_Over_Under_1.5_Goals,_merge
2025-05-12,00:10:00,MEXICO 1,Tigres,Necaxa,3.25,3.4,1.42,1.44,1.48,1.52,2.94,3.1,1.12,1.14,8.0,8.8,2.02,2.04,4.0,4.2,3.75,3.8,1.31,1.33,1.96,1.99,1.35,1.37,13.5,15.5,1.07,1.08,4.1,4.4,1.3,1.32,2.08,2.1,1.91,1.93,1.41,1.43,3.35,3.45,1.15,1.17,7.0,7.8,1.76,1.85,2.18,2.3,13.0,15.0,15.0,18.0,27.0,32.0,16.0,100.0,9.0,10.0,8.0,8.6,15.0,16.5,29.0,48.0,11.0,12.5,9.6,10.5,16.5,18.5,42.0,55.0,20.0,23.0,18.0,20.0,30.0,34.0,80.0,130.0,11.5,13.5,40.0,46.0,16.0,1000.0,1.2435712,1.243571202,1.243571195,328916.0,230910.0,58805.0,1.243571197,1.243571198,1.243571201,1.243571245,1.243571242,1.243571246,1.243571243,1.243571281,1.243571206,34304301.0,0,0,0,0,0,0,0,0,0,0,0,0,0,0,0,0,0,0,0,0,0,0,0,0,0,0,0,0,0,0,0,0,0,0,0,0,0,0,0,0,0.0,0.0,0.0,0.0,0.0,0.0,0.0,0.0,0
2025-05-12,09:30:00,UKRAINE 1,Inhulets Petrove,Livyi Bereh,2.34,2.46,1.68,1.75,1.25,1.29,4.4,5.0,1.05,1.07,15.0,26.0,3.1,3.35,2.82,3.0,2.78,2.98,1.51,1.55,1.43,1.47,1.51,1.56,6.2,7.4,1.16,1.19,2.34,2.48,1.68,1.74,1.41,1.45,3.15,3.45,1.14,1.16,7.0,8.2,1.04,1.06,17.5,27.0,2.28,2.44,1.69,1.78,5.0,90.0,5.6,15.0,12.5,34.0,17.5,900.0,6.0,16.0,6.0,42.0,10.5,29.0,17.0,130.0,8.8,21.0,11.5,32.0,9.6,65.0,3.7,210.0,12.5,170.0,19.5,150.0,3.3,240.0,21.0,1000.0,2.52,600.0,2.52,600.0,2.3,1000.0,1.24341252,1.243412522,1.243412515,10159088.0,60357825.0,58805.0,1.243412517,1.243412518,1.243412521,1.243412565,1.243412562,1.243412566,1.243412563,1.243412601,1.243412526,34289859.0,0,0,0,0,0,0,0,0,0,0,0,0,0,0,0,0,0,0,0,0,0,0,0,0,0,0,0,0,0,0,0,0,0,0,0,0,0,0,0,0,0.0,0.0,0.0,0.0,0.0,0.0,0.0,0.0,0
2025-05-12,12:00:00,SERBIA 2,FK Mladost Novi Sad,FK Vrsac,1.01,1000.0,1.52,1000.0,1.02,110.0,1.06,110.0,1.01,1000.0,1.01,1000.0,1.2,3.1,1.01,110.0,1.63,1000.0,1.13,110.0,1.48,110.0,1.01,2.6,1.51,1000.0,1.01,1.2,1.51,8.8,1.53,2.98,1.3,8.8,1.53,4.4,1.02,8.8,1.53,55.0,1.02,8.8,1.53,110.0,1.01,1000.0,1.01,1000.0,1.01,1000.0,1.01,1000.0,1.01,1000.0,1.01,1000.0,1.01,1000.0,1.01,1000.0,1.01,1000.0,1.01,1000.0,1.01,1000.0,1.01,1000.0,1.01,1000.0,1.01,1000.0,1.01,1000.0,1.01,1000.0,1.01,1000.0,1.01,1000.0,1.01,1000.0,1.01,1000.0,1.01,1000.0,1.243690271,1.243690272,1.243690273,40492492.0,13082362.0,58805.0,1.243690261,1.24369031,1.243690262,1.243690263,1.243690264,1.243690265,1.243690266,1.243690308,1.243690309,34312821.0,0,0,0,0,0,0,0,0,0,0,0,0,0,0,0,0,0,0,0,0,0,0,0,0,0,0,0,0,0,0,0,0,0,0,0,0,0,0,0,0,0.0,0.0,0.0,0.0,0.0,0.0,0.0,0.0,0
2025-05-12,12:00:00,SERBIA 2,FK Dubocica,Fk Smederevo,1.05,110.0,1.35,110.0,1.31,1000.0,1.06,55.0,1.06,28.0,1.03,110.0,1.56,4.0,1.99,4.9,2.84,4.5,1.28,1.7,1.51,2.8,1.33,1.55,1.5,15.5,1.07,1.33,1.5,15.5,1.3,5.1,1.24,4.3,1.43,5.2,1.09,4.3,1.43,14.0,1.04,4.3,1.43,110.0,1.03,1000.0,1.03,1000.0,1.03,90.0,1.03,65.0,1.03,95.0,1.03,160.0,1.03,55.0,1.03,42.0,1.03,75.0,1.03,160.0,1.03,75.0,1.03,60.0,1.03,65.0,1.03,220.0,1.03,900.0,1.03,130.0,1.03,170.0,1.03,1000.0,1.55,600.0,1.55,600.0,1.03,1000.0,1.243656672,1.243656674,1.243656667,25173927.0,15434416.0,58805.0,1.243656669,1.24365667,1.243656673,1.243656717,1.243656714,1.243656718,1.243656715,1.243656753,1.243656678,34310529.0,0,0,0,0,0,0,0,0,0,0,0,0,0,0,0,0,0,0,0,0,0,0,0,0,0,0,0,0,0,0,0,0,0,0,0,0,0,0,0,0,0.0,0.0,0.0,0.0,0.0,0.0,0.0,0.0,0
2025-05-12,12:00:00,ROMANIA 1,ACS Petrolul 52,Otelul Galati,2.4,2.54,1.65,1.71,1.27,1.3,4.2,4.9,1.05,1.07,14.0,110.0,2.56,2.6,3.5,3.7,2.94,3.05,1.38,1.4,1.62,1.64,1.48,1.51,6.4,8.2,1.14,1.17,2.46,2.62,1.62,1.68,1.46,1.51,2.94,3.2,1.16,1.18,6.2,10.5,1.04,1.06,15.0,26.0,2.2,2.4,1.71,1.83,4.9,14.5,5.4,30.0,8.6,55.0,13.0,95.0,4.7,14.5,4.8,14.0,7.2,80.0,20.0,150.0,7.2,38.0,6.2,430.0,9.2,48.0,10.5,250.0,15.0,900.0,15.0,110.0,25.0,190.0,14.0,1000.0,6.6,600.0,4.0,600.0,2.3,1000.0,1.243406417,1.243406418,1.243406419,14299496.0,866238.0,58805.0,1.243406407,1.243406456,1.243406408,1.243406409,1.24340641,1.243406411,1.243406412,1.243406454,1.243406455,34290123.0,0,0,0,0,0,0,0,0,0,0,0,0,0,0,0,0,0,0,0,0,0,0,0,0,0,0,0,0,0,0,0,0,0,0,0,0,0,0,0,0,0.0,0.0,0.0,0.0,0.0,0.0,0.0,0.0,0
2025-05-12,12:00:00,CZECH 1,Banik Ostrava B,SFC Opava,3.05,3.35,1.43,1.48,1.43,1.49,3.0,3.35,1.1,1.13,8.6,11.0,2.02,2.26,3.65,4.3,3.35,3.85,1.31,1.38,1.8,1.97,1.35,1.43,3.55,18.0,1.07,1.1,3.4,4.3,1.33,1.4,1.84,2.02,1.99,2.2,1.32,1.4,3.5,4.2,1.1,1.15,3.95,15.5,1.8,1.99,2.0,2.24,9.6,32.0,5.9,34.0,7.4,70.0,8.8,230.0,8.0,9.8,7.0,14.0,6.2,95.0,8.2,230.0,5.7,30.0,5.3,40.0,6.6,60.0,8.6,310.0,7.2,900.0,7.0,70.0,8.0,150.0,5.5,580.0,6.2,55.0,5.2,600.0,5.7,1000.0,1.243527459,1.24352746,1.243527461,25130637.0,6247170.0,58805.0,1.243527449,1.243527498,1.24352745,1.243527451,1.243527452,1.243527453,1.243527454,1.243527496,1.243527497,34300686.0,0,0,0,0,0,0,0,0,0,0,0,0,0,0,0,0,0,0,0,0,0,0,0,0,0,0,0,0,0,0,0,0,0,0,0,0,0,0,0,0,0.0,0.0,0.0,0.0,0.0,0.0,0.0,0.0,0
2025-05-12,13:00:00,CYPRUS 1,Aris FC Limassol,Omonia,3.5,3.7,1.37,1.4,1.53,1.58,2.74,2.9,1.14,1.16,7.2,8.6,1.97,2.04,3.9,4.4,3.7,4.1,1.29,1.34,1.96,2.06,1.33,1.37,1.1,26.0,1.05,1.07,4.3,4.8,1.27,1.29,2.14,2.26,1.8,1.87,1.45,1.49,3.0,3.3,1.17,1.2,3.2,10.5,1.72,1.81,2.22,2.38,6.2,40.0,12.5,20.0,11.0,75.0,8.0,95.0,4.6,29.0,4.4,42.0,12.5,19.5,16.0,130.0,3.9,40.0,3.8,40.0,7.2,60.0,17.0,120.0,9.4,55.0,8.4,70.0,11.0,65.0,23.0,580.0,8.8,55.0,10.0,600.0,3.1,1000.0,1.243410174,1.243410176,1.243410169,9028289.0,1209587.0,58805.0,1.243410171,1.243410172,1.243410175,1.243410219,1.243410216,1.24341022,1.243410217,1.243410255,1.24341018,34290192.0,0,0,0,0,0,0,0,0,0,0,0,0,0,0,0,0,0,0,0,0,0,0,0,0,0,0,0,0,0,0,0,0,0,0,0,0,0,0,0,0,0.0,0.0,0.0,0.0,0.0,0.0,0.0,0.0,0
2025-05-12,13:00:00,CYPRUS 1,AEK Larnaca,Apollon Limassol,3.0,3.25,1.45,1.49,1.41,1.46,3.15,3.4,1.1,1.12,9.2,11.0,2.08,2.18,3.7,4.3,3.35,3.8,1.31,1.36,1.84,1.92,1.37,1.42,9.2,15.5,1.08,1.1,3.45,3.75,1.37,1.4,1.8,1.89,2.12,2.24,1.3,1.34,3.9,4.5,1.11,1.13,8.2,12.0,1.89,2.24,1.81,2.12,3.9,90.0,2.08,44.0,2.14,120.0,2.2,200.0,6.2,29.0,6.0,42.0,2.1,55.0,2.2,200.0,6.4,40.0,7.8,40.0,2.1,60.0,2.08,270.0,2.16,65.0,2.18,70.0,2.18,180.0,2.3,580.0,2.32,55.0,2.2,600.0,2.26,1000.0,1.243410354,1.243410356,1.243410349,908335.0,46976.0,58805.0,1.243410351,1.243410352,1.243410355,1.243410399,1.243410396,1.2434104,1.243410397,1.243410435,1.24341036,34290191.0,0,0,0,0,0,0,0,0,0,0,0,0,0,0,0,0,0,0,0,0,0,0,0,0,0,0,0,0,0,0,0,0,0,0,0,0,0,0,0,0,0.0,0.0,0.0,0.0,0.0,0.0,0.0,0.0,0
2025-05-12,13:00:00,FINLAND 1,SJK,VPS,3.95,4.1,1.32,1.34,1.64,1.69,2.46,2.56,1.17,1.2,6.2,6.8,2.14,2.2,3.35,3.5,3.95,4.1,1.4,1.42,1.83,1.88,1.32,1.34,21.0,26.0,1.04,1.05,5.4,5.8,1.21,1.23,2.5,2.6,1.63,1.67,1.59,1.62,2.62,2.7,1.24,1.26,4.8,5.2,1.58,1.65,2.54,2.7,14.0,24.0,16.0,18.5,9.2,28.0,17.5,120.0,12.0,14.0,8.6,9.8,12.5,14.5,27.0,65.0,14.5,16.5,10.0,11.5,14.0,19.0,12.5,38.0,21.0,900.0,18.0,20.0,9.6,29.0,21.0,580.0,10.0,11.5,8.0,23.0,12.0,850.0,1.243413424,1.243413426,1.243413419,5418845.0,139511.0,58805.0,1.243413421,1.243413422,1.243413425,1.243413469,1.243413466,1.24341347,1.243413467,1.243413505,1.24341343,34290185.0,0,0,0,0,0,0,0,0,0,0,0,0,0,0,0,0,0,0,0,0,0,0,0,0,0,0,0,0,0,0,0,0,0,0,0,0,0,0,0,0,0.0,0.0,0.0,0.0,0.0,0.0,0.0,0.0,0
2025-05-12,13:00:00,SERBIA 1,Cukaricki,FK IMT Novi Beograd,2.66,3.85,1.35,1.6,1.36,1.63,2.6,3.8,1.09,1.17,6.8,110.0,2.18,2.38,3.25,3.7,3.45,3.75,1.37,1.44,1.73,1.84,1.36,1.4,3.4,21.0,1.05,1.41,3.4,4.2,1.32,1.41,1.86,2.08,1.93,2.16,1.33,1.45,3.05,4.3,1.09,1.36,3.8,13.5,1.81,2.08,1.93,2.24,2.82,90.0,1.79,16.5,1.89,60.0,1.99,200.0,1.88,24.0,2.04,42.0,5.7,36.0,1.93,95.0,2.24,34.0,2.72,40.0,1.84,60.0,2.0,260.0,1.98,900.0,6.6,70.0,1.99,160.0,2.0,580.0,6.2,600.0,2.0,600.0,2.0,1000.0,1.243646659,1.243646661,1.243646654,2503611.0,17203916.0,58805.0,1.243646656,1.243646657,1.24364666,1.243646704,1.243646701,1.243646705,1.243646702,1.24364674,1.243646665,34309846.0,0,0,0,0,0,0,0,0,0,0,0,0,0,0,0,0,0,0,0,0,0,0,0,0,0,0,0,0,0,0,0,0,0,0,0,0,0,0,0,0,0.0,0.0,0.0,0.0,0.0,0.0,0.0,0.0,left_only
2025-05-12,13:00:00,CYPRUS 1,APOEL,Paphos FC,2.94,3.2,1.46,1.51,1.4,1.44,3.25,3.55,1.09,1.12,9.2,13.0,2.9,3.2,2.5,2.76,3.2,3.65,1.58,1.66,1.45,1.52,1.38,1.45,9.0,13.5,1.09,1.1,3.3,3.65,1.38,1.41,1.78,1.87,2.14,2.3,1.29,1.34,3.9,4.6,1.1,1.13,7.8,11.5,1.89,2.04,1.96,2.36,2.56,90.0,2.72,23.0,2.32,38.0,2.4,140.0,2.54,26.0,6.0,42.0,5.9,29.0,2.32,70.0,2.38,48.0,6.2,34.0,2.34,46.0,2.06,190.0,2.4,170.0,2.06,170.0,2.28,230.0,2.58,580.0,2.9,600.0,3.15,600.0,2.44,1000.0,1.243410534,1.243410536,1.243410529,1209582.0,13824022.0,58805.0,1.243410531,1.243410532,1.243410535,1.243410579,1.243410576,1.24341058,1.243410577,1.243410615,1.24341054,34290148.0,0,0,0,0,0,0,0,0,0,0,0,0,0,0,0,0,0,0,0,0,0,0,0,0,0,0,0,0,0,0,0,0,0,0,0,0,0,0,0,0,0.0,0.0,0.0,0.0,0.0,0.0,0.0,0.0,0
2025-05-12,13:05:00,SAUDI ARABIA 1,Al-Hilal,Al Orubah,6.6,7.0,1.17,1.18,2.26,2.3,1.76,1.79,1.38,1.42,3.4,3.65,1.12,1.15,23.0,32.0,11.0,13.5,1.03,1.05,7.6,9.2,1.08,1.1,26.0,110.0,1.01,1.02,11.0,110.0,1.07,1.09,4.6,5.2,1.24,1.27,2.5,2.6,1.63,1.67,1.64,1.7,2.42,2.58,1.9,2.04,1.96,2.1,1.61,80.0,4.2,140.0,4.2,1000.0,4.2,1000.0,4.8,1000.0,1.65,34.0,4.2,110.0,4.2,1000.0,5.2,12.5,6.0,18.5,7.6,50.0,4.2,210.0,5.1,12.0,5.5,14.5,1.46,40.0,1.63,170.0,2.1,2.28,8.6,1000.0,1.45,1000.0,1.243496519,1.243496521,1.243496514,3725113.0,7202801.0,58805.0,1.243496516,1.243496507,1.24349652,1.24349653,1.243496526,1.243496472,1.243496527,1.243496515,1.243496525,34297772.0,0,0,0,0,0,0,0,0,0,0,0,0,0,0,0,0,0,0,0,0,0,0,0,0,0,0,0,0,0,0,0,0,0,0,0,0,0,0,0,0,0.0,0.0,0.0,0.0,0.0,0.0,0.0,0.0,0
2025-05-12,13:30:00,ITALY 1,Venezia,Fiorentina,2.74,2.86,1.54,1.57,1.35,1.38,3.65,3.85,1.08,1.1,11.5,12.5,3.1,3.15,2.64,2.66,3.3,3.35,1.6,1.61,1.46,1.48,1.42,1.44,9.6,10.5,1.11,1.12,3.05,3.15,1.47,1.49,1.69,1.7,2.42,2.46,1.25,1.27,4.8,5.0,1.08,1.1,11.5,13.0,2.02,2.08,1.93,1.98,9.4,10.0,8.4,8.8,14.5,15.5,36.0,40.0,9.2,9.6,6.8,7.0,11.5,12.5,30.0,34.0,18.0,19.0,13.0,13.5,19.5,21.0,48.0,55.0,50.0,55.0,38.0,42.0,50.0,60.0,120.0,140.0,50.0,60.0,32.0,36.0,750.0,1000.0,1.243064131,1.243064133,1.243064124,44504.0,676467.0,58805.0,1.243064127,1.243064129,1.243064132,1.243064114,1.243064111,1.243064175,1.243064112,1.243064126,1.243064136,34264930.0,0,0,0,0,0,0,0,0,0,0,0,0,0,0,0,0,0,0,0,0,0,0,0,0,0,0,0,0,0,0,0,0,0,0,0,0,0,0,0,0,0.0,0.0,0.0,0.0,0.0,0.0,0.0,0.0,0
2025-05-12,14:00:00,POLAND 2,Wisla Plock,Arka Gdynia,3.05,3.35,1.43,1.48,1.44,1.49,3.05,3.25,1.1,1.13,8.6,12.0,2.28,2.48,3.15,3.5,3.45,3.75,1.4,1.47,1.67,1.77,1.36,1.4,1.1,21.0,1.06,1.09,3.6,4.2,1.32,1.38,1.9,2.02,1.99,2.12,1.34,1.39,3.55,3.95,1.12,1.15,3.8,12.5,1.76,1.91,2.1,2.3,6.4,90.0,6.0,26.0,8.4,48.0,9.8,130.0,5.5,20.0,5.0,14.0,6.4,29.0,13.0,95.0,4.3,36.0,5.9,23.0,6.4,60.0,15.0,110.0,11.5,900.0,9.2,60.0,13.5,100.0,3.95,580.0,5.4,55.0,8.6,600.0,7.2,1000.0,1.24342167,1.243421671,1.243421672,487520.0,1209553.0,58805.0,1.24342166,1.243421709,1.243421661,1.243421662,1.243421663,1.243421664,1.243421665,1.243421707,1.243421708,34291834.0,0,0,0,0,0,0,0,0,0,0,0,0,0,0,0,0,0,0,0,0,0,0,0,0,0,0,0,0,0,0,0,0,0,0,0,0,0,0,0,0,0.0,0.0,0.0,0.0,0.0,0.0,0.0,0.0,0
2025-05-12,14:00:00,NORWAY 2,Kongsvinger,Odds BK,3.85,4.2,1.32,1.35,1.62,1.67,2.48,2.6,1.16,1.19,6.2,7.2,1.87,1.95,4.0,4.4,4.0,4.4,1.3,1.33,2.04,2.16,1.3,1.33,17.5,26.0,1.04,1.06,5.1,5.7,1.21,1.24,2.42,2.52,1.65,1.7,1.56,1.6,2.66,2.8,1.22,1.25,4.9,5.6,1.62,1.7,2.42,2.6,8.0,27.0,17.0,21.0,15.0,70.0,65.0,95.0,10.5,12.5,8.6,9.6,15.0,21.0,17.0,55.0,12.0,28.0,9.2,10.5,14.0,60.0,18.5,55.0,16.5,42.0,15.5,34.0,11.5,34.0,20.0,580.0,7.8,9.6,30.0,600.0,15.0,850.0,1.243431726,1.243431728,1.243431721,774892.0,10833201.0,58805.0,1.243431723,1.243431724,1.243431727,1.243431771,1.243431768,1.243431772,1.243431769,1.243431807,1.243431732,34291317.0,0,0,0,0,0,0,0,0,0,0,0,0,0,0,0,0,0,0,0,0,0,0,0,0,0,0,0,0,0,0,0,0,0,0,0,0,0,0,0,0,0.0,0.0,0.0,0.0,0.0,0.0,0.0,0.0,0
2025-05-12,14:00:00,POLAND 1,Puszcza Niepolomice,Stal Mielec,3.35,3.45,1.41,1.43,1.49,1.53,2.88,3.05,1.12,1.15,8.0,9.4,2.72,2.82,2.84,2.9,3.4,3.5,1.52,1.55,1.54,1.58,1.4,1.42,12.5,18.0,1.07,1.08,4.1,4.3,1.3,1.32,2.04,2.08,1.92,1.97,1.4,1.43,3.35,3.55,1.15,1.17,6.8,8.2,1.71,1.78,2.28,2.4,11.0,16.5,10.5,24.0,8.0,42.0,16.0,55.0,5.3,24.0,7.0,7.8,11.0,24.0,12.5,38.0,8.2,23.0,5.4,25.0,11.0,60.0,16.0,80.0,17.0,80.0,21.0,60.0,17.0,100.0,21.0,580.0,7.0,28.0,20.0,30.0,5.3,1000.0,1.243408469,1.24340847,1.243408471,5751503.0,10133739.0,58805.0,1.243408459,1.243408508,1.24340846,1.243408461,1.243408462,1.243408463,1.243408464,1.243408506,1.243408507,34290761.0,0,0,0,0,0,0,0,0,0,0,0,0,0,0,0,0,0,0,0,0,0,0,0,0,0,0,0,0,0,0,0,0,0,0,0,0,0,0,0,0,0.0,0.0,0.0,0.0,0.0,0.0,0.0,0.0,0
2025-05-12,14:00:00,NORWAY 2,Skeid,Lillestrom,4.0,4.1,1.32,1.33,1.66,1.69,2.46,2.52,1.18,1.2,6.0,6.6,9.2,11.0,1.37,1.4,5.4,6.0,3.45,3.75,1.1,1.12,1.2,1.23,7.2,36.0,1.04,1.05,5.4,6.2,1.2,1.22,2.5,2.6,1.63,1.66,1.59,1.63,2.58,2.7,1.24,1.26,4.7,5.2,1.94,2.04,1.96,2.06,9.6,44.0,6.2,10.5,7.8,15.0,9.6,12.0,13.0,65.0,11.0,42.0,9.4,11.0,7.6,28.0,11.5,110.0,13.5,65.0,11.0,55.0,13.5,65.0,12.5,360.0,12.0,160.0,34.0,140.0,13.5,160.0,12.0,180.0,4.7,5.2,9.2,1000.0,1.243431816,1.243431818,1.243431811,152574.0,10770.0,58805.0,1.243431813,1.243431814,1.243431817,1.243431861,1.243431858,1.243431862,1.243431859,1.243431897,1.243431822,34291310.0,0,0,0,0,0,0,0,0,0,0,0,0,0,0,0,0,0,0,0,0,0,0,0,0,0,0,0,0,0,0,0,0,0,0,0,0,0,0,0,0,0.0,0.0,0.0,0.0,0.0,0.0,0.0,0.0,0
2025-05-12,14:00:00,TURKEY 1,Kayserispor,Antalyaspor,3.25,3.45,1.41,1.45,1.47,1.51,2.98,3.15,1.12,1.14,8.4,9.8,1.99,2.0,4.3,4.4,3.65,3.75,1.29,1.31,2.0,2.02,1.36,1.38,13.0,15.0,1.07,1.08,4.0,4.2,1.32,1.34,1.98,2.04,1.97,2.02,1.38,1.4,3.5,3.6,1.14,1.16,7.2,8.2,1.81,1.9,2.1,2.24,12.0,14.0,15.0,17.0,28.0,34.0,44.0,100.0,9.0,11.0,7.6,8.4,15.5,18.5,36.0,55.0,11.0,12.5,9.6,11.0,17.0,21.0,48.0,60.0,20.0,24.0,18.5,23.0,32.0,38.0,50.0,100.0,12.5,15.0,44.0,55.0,9.4,1000.0,1.243408163,1.243408164,1.243408165,508789.0,113188.0,58805.0,1.243408153,1.243408202,1.243408154,1.243408155,1.243408156,1.243408157,1.243408158,1.2434082,1.243408201,34290755.0,0,0,0,0,0,0,0,0,0,0,0,0,0,0,0,0,0,0,0,0,0,0,0,0,0,0,0,0,0,0,0,0,0,0,0,0,0,0,0,0,0.0,0.0,0.0,0.0,0.0,0.0,0.0,0.0,0
2025-05-12,14:00:00,SWEDEN 2,Landskrona,Orgryte,3.6,3.8,1.36,1.39,1.56,1.6,2.68,2.78,1.15,1.17,7.2,8.0,1.81,1.84,4.7,4.9,4.0,4.2,1.25,1.27,2.18,2.24,1.31,1.34,15.0,21.0,1.05,1.07,4.7,5.0,1.25,1.27,2.22,2.28,1.78,1.82,1.48,1.5,3.0,3.1,1.19,1.2,6.0,6.4,1.71,1.81,2.22,2.4,8.6,90.0,8.8,40.0,13.0,95.0,3.45,270.0,7.6,29.0,7.0,42.0,14.0,46.0,19.5,150.0,7.0,40.0,7.6,20.0,13.0,60.0,19.5,120.0,9.0,900.0,12.5,70.0,22.0,75.0,6.8,580.0,6.2,29.0,12.0,600.0,2.44,1000.0,1.243407965,1.243407966,1.243407967,130432.0,30686.0,58805.0,1.243407955,1.243408004,1.243407956,1.243407957,1.243407958,1.243407959,1.24340796,1.243408002,1.243408003,34290750.0,0,0,0,0,0,0,0,0,0,0,0,0,0,0,0,0,0,0,0,0,0,0,0,0,0,0,0,0,0,0,0,0,0,0,0,0,0,0,0,0,0.0,0.0,0.0,0.0,0.0,0.0,0.0,0.0,0
2025-05-12,14:00:00,DENMARK 1,Vejle,Lyngby,3.0,3.05,1.49,1.5,1.41,1.44,3.25,3.45,1.09,1.12,9.8,12.5,2.32,2.38,3.45,3.6,3.4,3.45,1.38,1.4,1.72,1.76,1.4,1.42,10.5,12.0,1.09,1.1,3.4,3.55,1.39,1.41,1.81,1.83,2.2,2.24,1.3,1.32,4.1,4.3,1.11,1.12,9.2,10.5,1.9,2.0,2.0,2.1,10.5,12.0,10.0,12.0,11.5,38.0,17.5,140.0,8.2,9.2,6.8,7.6,13.5,25.0,14.0,95.0,12.0,14.0,10.5,12.0,11.5,60.0,17.5,130.0,12.0,34.0,13.0,65.0,25.0,110.0,12.0,580.0,21.0,55.0,21.0,60.0,13.5,1000.0,1.243413514,1.243413516,1.243413509,44103.0,28218.0,58805.0,1.243413511,1.243413512,1.243413515,1.243413559,1.243413556,1.24341356,1.243413557,1.243413595,1.24341352,34290741.0,0,0,0,0,0,0,0,0,0,0,0,0,0,0,0,0,0,0,0,0,0,0,0,0,0,0,0,0,0,0,0,0,0,0,0,0,0,0,0,0,0.0,0.0,0.0,0.0,0.0,0.0,0.0,0.0,0
2025-05-12,14:00:00,NORWAY 2,Asane,Stabaek,3.95,4.2,1.32,1.34,1.65,1.69,2.44,2.54,1.17,1.2,6.0,7.0,2.96,3.1,2.36,2.44,3.85,4.0,1.69,1.73,1.48,1.52,1.33,1.35,5.5,26.0,1.04,1.05,5.3,6.2,1.2,1.22,2.48,2.6,1.63,1.67,1.59,1.64,2.58,2.7,1.24,1.26,4.7,5.2,1.56,1.64,2.54,2.78,8.0,50.0,6.8,36.0,7.4,42.0,10.5,900.0,7.2,40.0,7.2,42.0,8.8,14.0,8.0,55.0,8.2,55.0,6.6,32.0,11.5,60.0,10.0,70.0,15.0,120.0,9.6,65.0,11.5,80.0,20.0,580.0,7.6,600.0,10.0,55.0,12.0,850.0,1.243418814,1.243418816,1.243418809,152573.0,50045.0,58805.0,1.243418811,1.243418812,1.243418815,1.243418859,1.243418856,1.24341886,1.243418857,1.243418895,1.24341882,34291297.0,0,0,0,0,0,0,0,0,0,0,0,0,0,0,0,0,0,0,0,0,0,0,0,0,0,0,0,0,0,0,0,0,0,0,0,0,0,0,0,0,0.0,0.0,0.0,0.0,0.0,0.0,0.0,0.0,0
2025-05-12,14:10:00,SWEDEN 1,IFK Goteborg,Djurgardens,3.15,3.25,1.46,1.47,1.45,1.49,3.05,3.25,1.11,1.13,8.6,10.0,2.58,2.62,2.96,3.0,3.5,3.55,1.5,1.51,1.61,1.63,1.39,1.4,12.0,14.5,1.07,1.09,3.9,4.1,1.33,1.35,1.96,2.02,1.98,2.04,1.36,1.39,3.6,3.75,1.13,1.15,7.6,8.6,1.81,1.89,2.12,2.24,12.5,13.5,10.5,12.0,17.5,19.5,38.0,48.0,10.0,11.0,7.2,7.8,12.0,13.0,28.0,34.0,15.5,17.0,11.0,12.0,15.5,17.5,40.0,55.0,34.0,38.0,26.0,29.0,36.0,42.0,50.0,100.0,22.0,23.0,25.0,32.0,60.0,1000.0,1.24340179,1.243401791,1.243401792,30689.0,232104.0,58805.0,1.24340178,1.243401829,1.243401781,1.243401782,1.243401783,1.243401784,1.243401785,1.243401827,1.243401828,34289884.0,0,0,0,0,0,0,0,0,0,0,0,0,0,0,0,0,0,0,0,0,0,0,0,0,0,0,0,0,0,0,0,0,0,0,0,0,0,0,0,0,0.0,0.0,0.0,0.0,0.0,0.0,0.0,0.0,0
2025-05-12,14:30:00,ISRAEL 1,Hapoel Beer Sheva,Maccabi Haifa,4.1,4.8,1.27,1.31,1.72,1.8,2.24,2.38,1.2,1.23,5.2,6.0,1.34,1.39,8.2,10.5,5.4,6.6,1.11,1.12,3.5,4.0,1.17,1.22,5.7,55.0,1.03,1.05,4.5,55.0,1.16,1.2,2.68,3.0,1.5,1.59,1.66,1.76,2.3,2.52,1.27,1.32,3.95,4.8,1.83,2.08,1.92,2.2,9.6,70.0,13.0,90.0,4.2,100.0,4.2,1000.0,8.2,26.0,10.0,42.0,12.5,80.0,4.2,230.0,7.2,20.0,8.0,40.0,9.2,55.0,4.2,230.0,8.6,27.0,10.0,70.0,11.0,75.0,3.25,130.0,3.6,15.0,15.0,160.0,2.22,1000.0,1.243418724,1.243418726,1.243418719,844519.0,52465647.0,58805.0,1.243418721,1.243418722,1.243418725,1.243418769,1.243418766,1.24341877,1.243418767,1.243418805,1.24341873,34291300.0,0,0,0,0,0,0,0,0,0,0,0,0,0,0,0,0,0,0,0,0,0,0,0,0,0,0,0,0,0,0,0,0,0,0,0,0,0,0,0,0,0.0,0.0,0.0,0.0,0.0,0.0,0.0,0.0,left_only
2025-05-12,14:30:00,ISRAEL 1,Maccabi Netanya,Maccabi Tel Aviv,4.3,5.0,1.26,1.29,1.76,1.85,2.16,2.32,1.21,1.25,4.9,5.9,6.6,9.6,1.42,1.5,5.0,6.4,2.94,3.4,1.12,1.17,1.2,1.25,21.0,55.0,1.02,1.04,6.2,8.4,1.16,1.18,2.8,3.2,1.47,1.55,1.75,1.84,2.18,2.32,1.33,1.35,3.75,4.3,1.58,1.8,2.24,2.7,10.5,90.0,9.2,15.0,8.2,26.0,9.6,32.0,12.5,85.0,9.6,42.0,8.0,25.0,10.0,34.0,6.0,85.0,10.5,70.0,7.6,48.0,9.6,65.0,6.2,1000.0,6.0,230.0,5.9,180.0,6.0,90.0,15.0,85.0,3.7,5.6,4.2,1000.0,1.243431906,1.243431908,1.243431901,427639.0,197970.0,58805.0,1.243431903,1.243431904,1.243431907,1.243431951,1.243431948,1.243431952,1.243431949,1.243431987,1.243431912,34291316.0,0,0,0,0,0,0,0,0,0,0,0,0,0,0,0,0,0,0,0,0,0,0,0,0,0,0,0,0,0,0,0,0,0,0,0,0,0,0,0,0,0.0,0.0,0.0,0.0,0.0,0.0,0.0,0.0,0
2025-05-12,15:00:00,SERBIA 1,Zeleznicar Pancevo,FK Napredak,2.36,3.3,1.43,1.74,1.34,1.5,3.0,55.0,1.07,1.13,8.6,110.0,2.02,2.14,3.95,4.6,3.35,3.65,1.28,1.34,1.87,1.98,1.38,1.41,6.8,15.5,1.07,1.17,2.76,3.8,1.41,1.51,1.68,1.97,2.04,2.66,1.26,1.29,4.3,5.5,1.07,1.11,9.8,15.5,1.98,2.2,1.83,2.02,5.5,90.0,2.24,24.0,10.5,60.0,16.5,210.0,2.62,29.0,2.74,42.0,1.92,38.0,15.0,210.0,2.52,29.0,2.44,40.0,1.89,55.0,15.0,280.0,1.9,900.0,1.9,70.0,1.8,120.0,1.95,580.0,1.85,85.0,1.82,220.0,1.96,1000.0,1.243641604,1.243641605,1.243641606,17203915.0,2531444.0,58805.0,1.243641594,1.243641643,1.243641595,1.243641596,1.243641597,1.243641598,1.243641599,1.243641641,1.243641642,34309845.0,0,0,0,0,0,0,0,0,0,0,0,0,0,0,0,0,0,0,0,0,0,0,0,0,0,0,0,0,0,0,0,0,0,0,0,0,0,0,0,0,0.0,0.0,0.0,0.0,0.0,0.0,0.0,0.0,0
2025-05-12,15:00:00,SAUDI ARABIA 1,Al Jabalain,Al Safa,3.85,4.3,1.31,1.35,1.63,1.7,2.44,2.58,1.17,1.21,5.7,7.4,1.24,1.3,11.0,870.0,4.2,950.0,0.0,0.0,0.0,0.0,0.0,0.0,0.0,0.0,0.0,0.0,4.7,110.0,1.2,1.24,2.42,2.74,1.6,1.7,1.53,1.64,2.56,2.9,1.21,1.27,4.4,55.0,0.0,0.0,0.0,0.0,1.03,30.0,1.03,1000.0,1.03,1000.0,1.03,1000.0,1.03,11.0,1.03,18.5,1.03,1000.0,1.03,1000.0,1.03,9.4,1.03,14.0,1.03,46.0,1.03,1000.0,1.03,11.5,1.03,18.0,1.03,1000.0,1.03,1000.0,3.5,5.3,1.01,1000.0,1.03,1000.0,1.243645123,1.243645115,1.243645119,12401456.0,6248857.0,58805.0,1.24364512,0.0,0.0,1.243645121,1.243645116,1.243645124,1.243645125,0.0,1.243645122,34310020.0,0,0,0,0,0,0,0,0,0,0,0,0,0,0,0,0,0,0,0,0,0,0,0,0,0,0,0,0,0,0,0,0,0,0,0,0,0,0,0,0,0.0,0.0,0.0,0.0,0.0,0.0,0.0,0.0,0
2025-05-12,15:00:00,SAUDI ARABIA 1,Jeddah Club,Al-Arabi Al-Saudi,3.1,3.35,1.42,1.48,1.43,1.49,3.0,3.3,1.1,1.13,8.0,11.5,3.35,6.6,1.83,2.22,3.35,950.0,0.0,0.0,0.0,0.0,0.0,0.0,0.0,0.0,0.0,0.0,3.05,4.7,1.28,1.41,1.84,2.1,1.9,2.18,1.31,1.44,3.05,4.6,1.12,1.17,6.2,110.0,0.0,0.0,0.0,0.0,1.03,17.0,1.03,11.5,1.03,16.0,1.03,32.0,1.03,17.5,1.03,9.8,1.03,13.0,1.03,28.0,1.03,36.0,1.03,20.0,1.03,22.0,1.03,46.0,1.03,1000.0,1.03,1000.0,1.03,1000.0,1.03,1000.0,38.0,1000.0,12.0,20.0,1.03,1000.0,1.243645112,1.243645104,1.243645108,14841985.0,21468169.0,58805.0,1.243645109,0.0,0.0,1.24364511,1.243645105,1.243645113,1.243645114,0.0,1.243645111,34310021.0,0,0,0,0,0,0,0,0,0,0,0,0,0,0,0,0,0,0,0,0,0,0,0,0,0,0,0,0,0,0,0,0,0,0,0,0,0,0,0,0,0.0,0.0,0.0,0.0,0.0,0.0,0.0,0.0,0
2025-05-12,15:00:00,SAUDI ARABIA 1,Al-Hazm (KSA),Al-Jndal,3.3,3.6,1.39,1.44,1.48,1.54,2.84,3.1,1.13,1.16,7.2,9.8,1.48,1.58,2.72,7.8,4.3,950.0,0.0,0.0,0.0,0.0,0.0,0.0,0.0,0.0,0.0,0.0,3.9,5.0,1.27,1.33,2.04,2.26,1.8,1.95,1.39,1.47,3.05,3.65,1.15,1.2,1.11,110.0,0.0,0.0,0.0,0.0,1.03,21.0,1.03,30.0,1.03,1000.0,1.03,1000.0,1.03,9.8,1.03,12.5,1.03,36.0,1.03,1000.0,1.03,11.0,1.03,12.5,1.03,30.0,1.03,1000.0,1.03,16.5,1.03,20.0,1.03,46.0,1.03,1000.0,6.0,9.6,1.01,1000.0,1.03,1000.0,1.243645145,1.243645137,1.243645141,20598620.0,21772357.0,58805.0,1.243645142,0.0,0.0,1.243645143,1.243645138,1.243645146,1.243645147,0.0,1.243645144,34310018.0,0,0,0,0,0,0,0,0,0,0,0,0,0,0,0,0,0,0,0,0,0,0,0,0,0,0,0,0,0,0,0,0,0,0,0,0,0,0,0,0,0.0,0.0,0.0,0.0,0.0,0.0,0.0,0.0,0
2025-05-12,15:00:00,SAUDI ARABIA 1,Al-Zulfi SC,Al Bukayriyah,2.66,2.9,1.53,1.59,1.33,1.38,3.6,4.1,1.06,1.1,1.1,16.0,3.3,5.6,2.0,2.22,3.1,4.0,0.0,0.0,0.0,0.0,0.0,0.0,0.0,0.0,0.0,0.0,2.74,3.25,1.46,1.57,1.59,1.71,2.4,2.74,1.21,1.27,4.5,6.4,1.07,1.1,1.11,110.0,0.0,0.0,0.0,0.0,1.03,12.0,1.03,8.8,1.03,14.5,1.03,34.0,1.03,15.0,1.03,9.0,1.03,13.5,1.03,34.0,1.03,40.0,1.03,23.0,1.03,28.0,1.03,65.0,1.03,1000.0,1.03,1000.0,1.03,1000.0,1.03,1000.0,70.0,1000.0,17.0,29.0,1.03,1000.0,1.243645134,1.243645126,1.24364513,16660302.0,25759565.0,58805.0,1.243645131,0.0,0.0,1.243645132,1.243645127,1.243645135,1.243645136,0.0,1.243645133,34310019.0,0,0,0,0,0,0,0,0,0,0,0,0,0,0,0,0,0,0,0,0,0,0,0,0,0,0,0,0,0,0,0,0,0,0,0,0,0,0,0,0,0.0,0.0,0.0,0.0,0.0,0.0,0.0,0.0,0
2025-05-12,15:00:00,SAUDI ARABIA 1,Al Najma Club,Ohod (KSA),3.7,4.2,1.32,1.37,1.59,1.66,2.52,2.68,1.15,1.2,6.0,8.0,1.24,1.31,3.3,870.0,5.6,950.0,0.0,0.0,0.0,0.0,0.0,0.0,0.0,0.0,0.0,0.0,4.4,6.2,1.23,1.28,2.24,2.5,1.67,1.8,1.47,1.59,2.68,3.2,1.18,1.24,4.6,7.2,0.0,0.0,0.0,0.0,1.03,26.0,1.03,50.0,1.03,1000.0,1.03,1000.0,1.03,9.8,1.03,17.5,1.03,65.0,1.03,1000.0,1.03,9.0,1.03,14.0,1.03,46.0,1.03,1000.0,1.03,11.5,1.03,18.5,1.03,1000.0,1.03,1000.0,3.95,6.0,1.01,1000.0,1.03,1000.0,1.243645156,1.243645148,1.243645152,6818023.0,13964842.0,58805.0,1.243645153,0.0,0.0,1.243645154,1.243645149,1.243645157,1.243645158,0.0,1.243645155,34310015.0,0,0,0,0,0,0,0,0,0,0,0,0,0,0,0,0,0,0,0,0,0,0,0,0,0,0,0,0,0,0,0,0,0,0,0,0,0,0,0,0,0.0,0.0,0.0,0.0,0.0,0.0,0.0,0.0,0
2025-05-12,15:00:00,SAUDI ARABIA 1,Al Faisaly ( KSA ),Al-Ain,3.2,3.5,1.4,1.45,1.46,1.52,2.92,3.2,1.11,1.14,7.4,11.5,1.92,2.12,3.45,5.2,3.35,5.1,0.0,0.0,0.0,0.0,0.0,0.0,0.0,0.0,0.0,0.0,3.6,4.4,1.3,1.36,1.92,2.1,1.9,2.08,1.35,1.43,3.25,4.0,1.13,1.17,6.0,55.0,0.0,0.0,0.0,0.0,1.03,17.5,1.03,19.0,1.03,38.0,1.03,1000.0,1.03,11.5,1.03,10.5,1.03,21.0,1.03,65.0,1.03,15.0,1.03,13.0,1.03,24.0,1.03,1000.0,1.03,29.0,1.03,26.0,1.03,46.0,1.03,1000.0,10.0,17.5,36.0,1000.0,1.03,1000.0,1.2436452,1.243645192,1.243645196,22139784.0,11707638.0,58805.0,1.243645197,0.0,0.0,1.243645198,1.243645193,1.243645201,1.243645202,0.0,1.243645199,34310008.0,0,0,0,0,0,0,0,0,0,0,0,0,0,0,0,0,0,0,0,0,0,0,0,0,0,0,0,0,0,0,0,0,0,0,0,0,0,0,0,0,0.0,0.0,0.0,0.0,0.0,0.0,0.0,0.0,0
2025-05-12,15:00:00,SAUDI ARABIA 1,Al Jubail,Al Batin,3.25,3.55,1.4,1.46,1.46,1.52,2.92,3.2,1.12,1.14,7.4,11.0,1.85,2.02,3.65,5.6,3.55,4.5,0.0,0.0,0.0,0.0,0.0,0.0,0.0,0.0,0.0,0.0,3.7,4.6,1.29,1.36,1.98,2.14,1.87,2.04,1.36,1.43,3.25,4.2,1.14,1.17,5.8,110.0,0.0,0.0,0.0,0.0,1.03,19.0,1.03,19.5,1.03,40.0,1.03,1000.0,1.03,11.5,1.03,10.5,1.03,21.0,1.03,1000.0,1.03,15.5,1.03,13.0,1.03,22.0,1.03,1000.0,1.03,28.0,1.03,25.0,1.03,44.0,1.03,1000.0,10.0,16.5,38.0,1000.0,1.03,1000.0,1.243645189,1.243645181,1.243645185,26543395.0,77353032.0,58805.0,1.243645186,0.0,0.0,1.243645187,1.243645182,1.24364519,1.243645191,0.0,1.243645188,34310009.0,0,0,0,0,0,0,0,0,0,0,0,0,0,0,0,0,0,0,0,0,0,0,0,0,0,0,0,0,0,0,0,0,0,0,0,0,0,0,0,0,0.0,0.0,0.0,0.0,0.0,0.0,0.0,0.0,0
2025-05-12,15:00:00,SAUDI ARABIA 1,Abha,Al Taee,3.45,3.8,1.36,1.41,1.53,1.59,2.7,2.9,1.13,1.17,6.8,9.0,2.46,3.45,2.28,2.84,3.3,4.2,0.0,0.0,0.0,0.0,0.0,0.0,0.0,0.0,0.0,0.0,4.2,5.6,1.25,1.3,2.12,2.34,1.75,1.88,1.43,1.53,2.84,3.35,1.17,1.22,5.0,7.8,0.0,0.0,0.0,0.0,1.03,21.0,1.03,15.0,1.03,21.0,1.03,40.0,1.03,17.5,1.03,10.5,1.03,14.0,1.03,29.0,1.03,28.0,1.03,16.5,1.03,21.0,1.03,42.0,1.03,60.0,1.03,40.0,1.03,50.0,1.03,1000.0,18.0,30.0,12.0,20.0,1.03,1000.0,1.243645178,1.24364517,1.243645174,10732580.0,14116284.0,58805.0,1.243645175,0.0,0.0,1.243645176,1.243645171,1.243645179,1.24364518,0.0,1.243645177,34310010.0,0,0,0,0,0,0,0,0,0,0,0,0,0,0,0,0,0,0,0,0,0,0,0,0,0,0,0,0,0,0,0,0,0,0,0,0,0,0,0,0,0.0,0.0,0.0,0.0,0.0,0.0,0.0,0.0,0
2025-05-12,15:00:00,SAUDI ARABIA 1,Al-Adalh,Al-Suqoor,3.75,4.1,1.34,1.36,1.6,1.66,2.5,2.68,1.15,1.2,6.0,8.2,2.28,2.76,2.54,3.25,3.35,500.0,0.0,0.0,0.0,0.0,0.0,0.0,0.0,0.0,0.0,0.0,4.5,6.4,1.21,1.27,2.28,2.6,1.64,1.77,1.5,1.62,2.58,3.05,1.2,1.26,4.3,6.8,0.0,0.0,0.0,0.0,1.03,25.0,1.03,19.5,1.03,28.0,1.03,1000.0,1.03,17.0,1.03,11.5,1.03,16.0,1.03,36.0,1.03,22.0,1.03,14.5,1.03,19.5,1.03,44.0,1.03,42.0,1.03,28.0,1.03,38.0,1.03,1000.0,10.5,17.5,14.5,25.0,1.03,1000.0,1.243645167,1.243645159,1.243645163,21070765.0,21340695.0,58805.0,1.243645164,0.0,0.0,1.243645165,1.24364516,1.243645168,1.243645169,0.0,1.243645166,34310011.0,0,0,0,0,0,0,0,0,0,0,0,0,0,0,0,0,0,0,0,0,0,0,0,0,0,0,0,0,0,0,0,0,0,0,0,0,0,0,0,0,0.0,0.0,0.0,0.0,0.0,0.0,0.0,0.0,0
2025-05-12,15:00:00,ROMANIA 1,Dinamo Bucharest,Rapid Bucharest,3.15,3.35,1.44,1.46,1.45,1.49,3.0,3.25,1.11,1.13,8.6,11.0,2.96,3.15,2.5,2.64,3.4,3.6,1.61,1.67,1.46,1.52,1.38,1.41,8.6,15.5,1.07,1.09,3.75,4.1,1.33,1.36,1.91,1.99,2.02,2.1,1.35,1.38,3.6,3.9,1.13,1.15,7.6,12.5,1.78,1.9,2.12,2.28,10.0,25.0,5.9,22.0,7.2,20.0,4.7,90.0,6.2,24.0,5.0,14.0,6.2,24.0,4.5,65.0,8.0,21.0,6.6,26.0,7.6,60.0,3.9,100.0,3.75,95.0,4.3,65.0,3.75,110.0,3.9,580.0,9.0,30.0,8.4,26.0,4.0,1000.0,1.243416184,1.243416186,1.243416179,46937.0,6394.0,58805.0,1.243416181,1.243416182,1.243416185,1.243416229,1.243416226,1.24341623,1.243416227,1.243416265,1.24341619,34290949.0,0,0,0,0,0,0,0,0,0,0,0,0,0,0,0,0,0,0,0,0,0,0,0,0,0,0,0,0,0,0,0,0,0,0,0,0,0,0,0,0,0.0,0.0,0.0,0.0,0.0,0.0,0.0,0.0,0
2025-05-12,15:00:00,SAUDI ARABIA 1,Al-Akhdoud,Al Nassr,4.0,4.3,1.3,1.33,1.66,1.72,2.4,2.52,1.17,1.21,5.8,6.8,6.2,7.0,1.49,1.52,5.4,5.5,2.92,3.05,1.17,1.19,1.22,1.23,13.5,36.0,1.03,1.05,5.4,6.6,1.19,1.22,2.54,2.7,1.6,1.65,1.6,1.66,2.5,2.68,1.25,1.27,4.6,5.0,1.71,1.83,2.2,2.4,7.8,25.0,10.0,11.5,6.8,11.0,13.0,15.0,26.0,32.0,10.0,12.5,9.0,10.5,6.6,14.5,9.8,65.0,23.0,25.0,7.6,21.0,24.0,32.0,10.5,1000.0,10.0,85.0,10.0,75.0,10.0,100.0,10.0,75.0,5.4,6.2,11.0,1000.0,1.243499586,1.243499588,1.243499579,21666423.0,6359075.0,58805.0,1.243499582,1.243499584,1.243499587,1.243499569,1.243499566,1.24349963,1.243499567,1.243499581,1.243499591,34298153.0,0,0,0,0,0,0,0,0,0,0,0,0,0,0,0,0,0,0,0,0,0,0,0,0,0,0,0,0,0,0,0,0,0,0,0,0,0,0,0,0,0.0,0.0,0.0,0.0,0.0,0.0,0.0,0.0,0
2025-05-12,15:30:00,SPAIN 2,Granada,Eibar,2.82,2.92,1.52,1.55,1.37,1.4,3.5,3.7,1.09,1.1,11.0,12.0,1.86,1.88,5.1,5.5,3.6,3.7,1.23,1.24,2.14,2.18,1.37,1.38,9.8,12.0,1.09,1.11,3.2,3.35,1.43,1.46,1.73,1.76,2.32,2.38,1.27,1.29,4.5,4.8,1.09,1.11,10.0,13.0,2.08,2.2,1.84,1.91,9.8,11.0,13.5,15.0,14.0,38.0,18.0,140.0,6.6,7.2,7.6,8.2,19.0,21.0,75.0,120.0,9.0,10.0,9.6,10.5,22.0,27.0,17.0,100.0,17.5,20.0,20.0,22.0,42.0,48.0,18.5,170.0,14.5,16.0,18.0,120.0,19.0,1000.0,1.243401076,1.243401077,1.243401078,2255452.0,247969.0,58805.0,1.243401066,1.243401115,1.243401067,1.243401068,1.243401069,1.24340107,1.243401071,1.243401113,1.243401114,34289782.0,0,0,0,0,0,0,0,0,0,0,0,0,0,0,0,0,0,0,0,0,0,0,0,0,0,0,0,0,0,0,0,0,0,0,0,0,0,0,0,0,0.0,0.0,0.0,0.0,0.0,0.0,0.0,0.0,0
2025-05-12,15:45:00,ITALY 1,Atalanta,Roma,3.4,3.6,1.39,1.41,1.53,1.55,2.82,2.9,1.13,1.15,7.8,8.2,2.18,2.2,3.7,3.8,3.6,3.65,1.35,1.37,1.84,1.85,1.37,1.39,14.5,15.5,1.06,1.08,4.3,4.5,1.29,1.31,2.1,2.14,1.88,1.9,1.44,1.46,3.2,3.3,1.16,1.18,6.6,7.0,1.73,1.77,2.3,2.36,14.5,15.0,14.0,15.0,24.0,26.0,60.0,70.0,10.0,11.0,7.6,8.0,14.5,15.0,36.0,40.0,13.0,13.5,10.0,10.5,15.0,16.0,44.0,46.0,24.0,26.0,19.5,21.0,30.0,34.0,65.0,75.0,13.5,14.5,32.0,38.0,300.0,1000.0,1.243049899,1.243049901,1.243049892,215817.0,56967.0,58805.0,1.243049895,1.243049897,1.2430499,1.243049882,1.243049879,1.243049943,1.24304988,1.243049894,1.243049904,34264164.0,0,0,0,0,0,0,0,0,0,0,0,0,0,0,0,0,0,0,0,0,0,0,0,0,0,0,0,0,0,0,0,0,0,0,0,0,0,0,0,0,0.0,0.0,0.0,0.0,0.0,0.0,0.0,0.0,0
2025-05-12,16:00:00,ENGLAND 2,Sheff Utd,Bristol City,3.05,3.15,1.47,1.49,1.42,1.46,3.2,3.4,1.1,1.12,9.4,11.0,1.98,1.99,4.4,4.5,3.7,3.75,1.28,1.3,2.0,2.04,1.36,1.38,11.5,12.5,1.09,1.1,3.5,3.65,1.38,1.4,1.84,1.87,2.14,2.2,1.31,1.34,3.95,4.2,1.11,1.13,8.8,10.0,1.98,2.02,1.99,2.02,12.0,12.5,13.5,14.5,30.0,32.0,85.0,100.0,7.8,8.2,7.8,8.0,17.0,17.5,48.0,60.0,10.5,11.0,10.0,10.5,20.0,21.0,65.0,70.0,20.0,21.0,19.5,21.0,38.0,42.0,100.0,130.0,14.0,15.0,60.0,210.0,360.0,1000.0,1.243544554,1.243544556,1.243544547,48470.0,69745.0,58805.0,1.24354455,1.243544552,1.243544555,1.243544537,1.243544534,1.243544598,1.243544535,1.243544549,1.243544559,34302358.0,0,0,0,0,0,0,0,0,0,0,0,0,0,0,0,0,0,0,0,0,0,0,0,0,0,0,0,0,0,0,0,0,0,0,0,0,0,0,0,0,0.0,0.0,0.0,0.0,0.0,0.0,0.0,0.0,left_only
2025-05-12,17:30:00,PERU 1,Alianza Universidad,Sport Huancayo,3.2,3.4,1.43,1.46,1.46,1.5,3.0,3.2,1.11,1.14,8.4,10.5,2.32,2.46,3.05,3.3,3.7,3.85,1.44,1.48,1.68,1.75,1.35,1.38,10.5,15.5,1.07,1.09,3.75,4.4,1.31,1.36,1.94,2.06,1.95,2.08,1.36,1.4,3.5,3.8,1.14,1.16,7.2,9.4,1.73,1.88,2.12,2.36,6.0,90.0,5.7,30.0,7.6,55.0,9.4,170.0,5.4,24.0,4.5,42.0,5.8,34.0,12.5,90.0,6.0,36.0,5.7,27.0,6.6,60.0,16.0,120.0,11.0,900.0,9.2,60.0,13.5,95.0,3.15,580.0,5.1,24.0,8.0,40.0,2.26,1000.0,1.243395856,1.243395858,1.243395851,10278153.0,4972227.0,58805.0,1.243395853,1.243395854,1.243395857,1.243395901,1.243395898,1.243395902,1.243395899,1.243395937,1.243395862,34289241.0,0,0,0,0,0,0,0,0,0,0,0,0,0,0,0,0,0,0,0,0,0,0,0,0,0,0,0,0,0,0,0,0,0,0,0,0,0,0,0,0,0.0,0.0,0.0,0.0,0.0,0.0,0.0,0.0,0
2025-05-12,19:00:00,BRAZIL 2,Botafogo SP,Athletic Club,2.68,2.82,1.54,1.59,1.33,1.37,3.7,4.0,1.07,1.09,11.5,15.5,2.24,2.28,3.85,4.0,3.3,3.35,1.33,1.35,1.78,1.81,1.42,1.44,8.6,10.5,1.11,1.13,2.88,3.05,1.49,1.53,1.61,1.65,2.52,2.64,1.22,1.25,5.0,5.6,1.07,1.09,12.0,16.5,2.04,2.2,1.84,1.96,5.6,11.5,5.6,600.0,2.9,55.0,9.8,110.0,4.4,17.0,6.6,18.0,3.9,34.0,3.05,160.0,9.6,410.0,5.7,600.0,4.0,44.0,4.7,200.0,2.94,900.0,2.92,70.0,9.0,140.0,4.8,580.0,2.96,34.0,2.42,110.0,3.2,1000.0,1.243395013,1.243395015,1.243395008,4435648.0,23018379.0,58805.0,1.24339501,1.243395001,1.243395014,1.243395024,1.24339502,1.243394966,1.243395021,1.243395009,1.243395019,34289369.0,0,0,0,0,0,0,0,0,0,0,0,0,0,0,0,0,0,0,0,0,0,0,0,0,0,0,0,0,0,0,0,0,0,0,0,0,0,0,0,0,0.0,0.0,0.0,0.0,0.0,0.0,0.0,0.0,0
2025-05-12,20:00:00,BRAZIL 1,Santos,Ceara SC Fortaleza,2.74,2.78,1.56,1.58,1.35,1.38,3.65,3.9,1.08,1.1,11.5,13.5,2.0,2.04,4.9,5.0,3.3,3.35,1.25,1.26,1.97,1.99,1.42,1.44,8.8,10.5,1.11,1.13,3.05,3.2,1.46,1.49,1.68,1.7,2.42,2.48,1.24,1.27,4.7,5.1,1.08,1.1,11.0,13.5,2.08,2.18,1.85,1.93,9.0,9.8,13.0,14.0,28.0,32.0,48.0,120.0,6.8,7.4,7.0,7.4,17.5,21.0,60.0,75.0,9.8,11.0,10.0,10.5,21.0,23.0,65.0,95.0,21.0,22.0,22.0,25.0,44.0,55.0,55.0,170.0,18.5,20.0,50.0,110.0,22.0,1000.0,1.243021891,1.243021893,1.243021884,198127.0,5287019.0,58805.0,1.243021887,1.243021889,1.243021892,1.243021874,1.243021871,1.243021946,1.243021872,1.243021886,1.243021896,34261867.0,0,0,0,0,0,0,0,0,0,0,0,0,0,0,0,0,0,0,0,0,0,0,0,0,0,0,0,0,0,0,0,0,0,0,0,0,0,0,0,0,0.0,0.0,0.0,0.0,0.0,0.0,0.0,0.0,0
2025-05-12,20:30:00,ARGENTINA 1,River Plate,Barracas Central,3.2,3.3,1.44,1.45,1.46,1.49,3.05,3.2,1.11,1.13,8.6,10.0,1.28,1.29,16.0,19.5,6.0,6.4,1.06,1.07,4.4,4.7,1.18,1.2,13.5,16.0,1.07,1.08,3.75,3.95,1.34,1.36,1.94,1.98,2.02,2.06,1.34,1.36,3.75,3.9,1.13,1.14,8.0,8.6,2.82,3.05,1.48,1.55,12.5,15.0,1.03,44.0,1.03,180.0,1.03,1000.0,5.2,7.2,13.0,14.5,1.03,75.0,1.03,560.0,4.8,6.2,10.5,12.0,1.03,60.0,1.03,420.0,7.8,9.8,16.0,17.5,1.03,70.0,1.03,550.0,5.1,7.4,460.0,1000.0,1.03,1000.0,1.243445918,1.243445919,1.24344592,194515.0,5408226.0,58805.0,1.243445908,1.243445957,1.243445909,1.24344591,1.243445911,1.243445912,1.243445913,1.243445955,1.243445956,34293270.0,0,0,0,0,0,0,0,0,0,0,0,0,0,0,0,0,0,0,0,0,0,0,0,0,0,0,0,0,0,0,0,0,0,0,0,0,0,0,0,0,0.0,0.0,0.0,0.0,0.0,0.0,0.0,0.0,0
2025-05-12,21:00:00,BRAZIL 2,Amazonas FC,CRB,2.58,2.72,1.58,1.63,1.31,1.34,3.95,4.2,1.07,1.09,12.0,17.0,2.3,2.38,3.7,3.85,3.15,3.25,1.35,1.37,1.72,1.76,1.44,1.47,7.6,9.4,1.12,1.14,2.74,2.86,1.53,1.57,1.56,1.61,2.64,2.78,1.2,1.23,5.4,6.2,1.06,1.08,13.0,26.0,2.1,2.2,1.84,1.9,6.6,12.5,9.2,11.5,3.2,1000.0,3.1,110.0,6.6,12.5,6.4,7.2,2.72,17.0,5.0,65.0,6.8,13.5,10.0,12.0,4.4,23.0,4.2,85.0,2.98,40.0,3.9,38.0,3.05,60.0,2.88,1000.0,29.0,34.0,3.1,110.0,2.92,1000.0,1.243394905,1.243394907,1.2433949,27728928.0,6368159.0,58805.0,1.243394902,1.243394893,1.243394906,1.243394916,1.243394912,1.243394858,1.243394913,1.243394901,1.243394911,34289376.0,0,0,0,0,0,0,0,0,0,0,0,0,0,0,0,0,0,0,0,0,0,0,0,0,0,0,0,0,0,0,0,0,0,0,0,0,0,0,0,0,0.0,0.0,0.0,0.0,0.0,0.0,0.0,0.0,0
2025-05-12,21:00:00,ECUADOR 1,El Nacional,Cuniburo FC,3.1,3.3,1.46,1.48,1.43,1.47,3.1,3.3,1.1,1.13,8.6,11.0,2.46,2.52,3.05,3.2,3.45,3.7,1.46,1.49,1.65,1.68,1.37,1.4,3.6,110.0,1.07,1.09,3.55,3.9,1.35,1.38,1.86,1.93,2.08,2.18,1.33,1.36,3.75,4.2,1.12,1.14,3.75,12.5,1.03,2.22,1.81,1000.0,1.03,1000.0,1.03,1000.0,1.03,1000.0,1.03,1000.0,1.03,1000.0,1.03,1000.0,1.03,1000.0,1.03,1000.0,1.03,1000.0,1.03,1000.0,1.03,1000.0,1.03,1000.0,1.03,1000.0,1.03,1000.0,1.03,1000.0,1.03,1000.0,1.01,1000.0,1.01,1000.0,1.03,1000.0,1.243395136,1.243395138,1.243395131,330234.0,55425503.0,58805.0,1.243395133,1.243395134,1.243395137,1.243395181,1.243395178,1.243395182,1.243395179,1.243395217,1.243395142,34289443.0,0,0,0,0,0,0,0,0,0,0,0,0,0,0,0,0,0,0,0,0,0,0,0,0,0,0,0,0,0,0,0,0,0,0,0,0,0,0,0,0,0.0,0.0,0.0,0.0,0.0,0.0,0.0,0.0,0
